{
    "fraud_counts": {
        "0": 6354407,
        "1": 8213
    },
    "fraud_percentages": {
        "0": 99.87091795518198,
        "1": 0.12908204481801522
    },
    "fraud_rate_by_type": {
        "CASH_IN": 0.0,
        "CASH_OUT": 0.18395530726256984,
        "DEBIT": 0.0,
        "PAYMENT": 0.0,
        "TRANSFER": 0.7687991758442811
    },
    "top_20_accounts_by_volume": {
        "C1715283297": 92445516.64,
        "C2127282686": 73823490.36,
        "C2044643633": 71172480.42,
        "C1425667947": 69886731.3,
        "C1584456031": 69337316.27,
        "C811810230": 67500761.29,
        "C420748282": 66761272.21,
        "C1139847449": 64234448.19,
        "C300140823": 63847992.58,
        "C372535854": 63294839.63,
        "C1539737626": 62785416.91,
        "C915403211": 61733761.65,
        "C453740720": 60965275.64,
        "C68968235": 60642003.0,
        "C31593462": 60154456.05,
        "C1273768806": 59579503.33,
        "C24299338": 58944752.64,
        "C1423766399": 58318373.2,
        "C208486812": 57787800.93,
        "C1139460122": 57436619.46
    },
    "mismatch_flagged_legit": 0,
    "mismatch_unflagged_fraud": 8197
}